sales_agent_names,avg_discount
Jacob,43.78055555555555
David,62.135
Jackie,40.92024390243902
Isaac,108
Rodger,67.8532394366197
